IMGS/img0.png, 1
IMGS/img1.png, 1
IMGS/img2.png, 0
IMGS/img3.png, 0
IMGS/img4.png, 1
IMGS/img5.png, 0
IMGS/img6.png, 1
IMGS/img7.png, 0
IMGS/img8.png, 1
IMGS/img9.png, 1
IMGS/img10.png, 1
IMGS/img11.png, 0
IMGS/img12.png, 1
IMGS/img13.png, 1
IMGS/img14.png, 1
IMGS/img15.png, 1
IMGS/img16.png, 1
IMGS/img17.png, 1
IMGS/img18.png, 0
IMGS/img19.png, 0
IMGS/img20.png, 1
IMGS/img21.png, 1
IMGS/img22.png, 1
IMGS/img23.png, 0
IMGS/img24.png, 0
IMGS/img25.png, 1
IMGS/img26.png, 1
IMGS/img27.png, 0
IMGS/img28.png, 1
IMGS/img29.png, 1
IMGS/img30.png, 0
IMGS/img31.png, 0
IMGS/img32.png, 1
IMGS/img33.png, 1
IMGS/img34.png, 1
IMGS/img35.png, 1
IMGS/img36.png, 0
IMGS/img37.png, 1
IMGS/img38.png, 1
IMGS/img39.png, 1
IMGS/img40.png, 1
IMGS/img41.png, 1
IMGS/img42.png, 0
IMGS/img43.png, 0
IMGS/img44.png, 1
IMGS/img45.png, 0
IMGS/img46.png, 0
IMGS/img47.png, 1
IMGS/img48.png, 0
IMGS/img49.png, 0
IMGS/img50.png, 1
IMGS/img51.png, 1
IMGS/img52.png, 1
IMGS/img53.png, 0
IMGS/img54.png, 1
IMGS/img55.png, 1
IMGS/img56.png, 0
IMGS/img57.png, 1
IMGS/img58.png, 0
IMGS/img59.png, 0
IMGS/img60.png, 1
IMGS/img61.png, 0
IMGS/img62.png, 0
IMGS/img63.png, 0
IMGS/img64.png, 1
IMGS/img65.png, 0
IMGS/img66.png, 1
IMGS/img67.png, 1
IMGS/img68.png, 1
IMGS/img69.png, 1
IMGS/img70.png, 1
IMGS/img71.png, 0
IMGS/img72.png, 0
IMGS/img73.png, 1
IMGS/img74.png, 1
IMGS/img75.png, 0
IMGS/img76.png, 0
IMGS/img77.png, 0
IMGS/img78.png, 0
IMGS/img79.png, 1
IMGS/img80.png, 0
IMGS/img81.png, 1
IMGS/img82.png, 1
IMGS/img83.png, 0
IMGS/img84.png, 1
IMGS/img85.png, 1
IMGS/img86.png, 0
IMGS/img87.png, 0
IMGS/img88.png, 0
IMGS/img89.png, 1
IMGS/img90.png, 0
IMGS/img91.png, 0
IMGS/img92.png, 1
IMGS/img93.png, 1
IMGS/img94.png, 1
IMGS/img95.png, 1
IMGS/img96.png, 0
IMGS/img97.png, 1
IMGS/img98.png, 0
IMGS/img99.png, 0
IMGS/img100.png, 0
IMGS/img101.png, 1
IMGS/img102.png, 1
IMGS/img103.png, 0
IMGS/img104.png, 1
IMGS/img105.png, 0
IMGS/img106.png, 0
IMGS/img107.png, 1
IMGS/img108.png, 1
IMGS/img109.png, 1
IMGS/img110.png, 0
IMGS/img111.png, 0
IMGS/img112.png, 0
IMGS/img113.png, 0
IMGS/img114.png, 1
IMGS/img115.png, 0
IMGS/img116.png, 0
IMGS/img117.png, 1
IMGS/img118.png, 0
IMGS/img119.png, 0
IMGS/img120.png, 0
IMGS/img121.png, 1
IMGS/img122.png, 0
IMGS/img123.png, 0
IMGS/img124.png, 1
IMGS/img125.png, 0
IMGS/img126.png, 1
IMGS/img127.png, 1
IMGS/img128.png, 0
IMGS/img129.png, 0
IMGS/img130.png, 1
IMGS/img131.png, 0
IMGS/img132.png, 0
IMGS/img133.png, 0
IMGS/img134.png, 0
IMGS/img135.png, 1
IMGS/img136.png, 0
IMGS/img137.png, 1
IMGS/img138.png, 1
IMGS/img139.png, 0
IMGS/img140.png, 1
IMGS/img141.png, 0
IMGS/img142.png, 1
IMGS/img143.png, 1
IMGS/img144.png, 1
IMGS/img145.png, 1
IMGS/img146.png, 1
IMGS/img147.png, 0
IMGS/img148.png, 1
IMGS/img149.png, 0
IMGS/img150.png, 1
IMGS/img151.png, 1
IMGS/img152.png, 1
IMGS/img153.png, 0
IMGS/img154.png, 1
IMGS/img155.png, 0
IMGS/img156.png, 1
IMGS/img157.png, 0
IMGS/img158.png, 0
IMGS/img159.png, 0
IMGS/img160.png, 1
IMGS/img161.png, 1
IMGS/img162.png, 1
IMGS/img163.png, 0
IMGS/img164.png, 1
IMGS/img165.png, 0
IMGS/img166.png, 0
IMGS/img167.png, 0
IMGS/img168.png, 0
IMGS/img169.png, 0
IMGS/img170.png, 1
IMGS/img171.png, 0
IMGS/img172.png, 0
IMGS/img173.png, 0
IMGS/img174.png, 1
IMGS/img175.png, 1
IMGS/img176.png, 0
IMGS/img177.png, 1
IMGS/img178.png, 1
IMGS/img179.png, 0
IMGS/img180.png, 1
IMGS/img181.png, 0
IMGS/img182.png, 0
IMGS/img183.png, 1
IMGS/img184.png, 0
IMGS/img185.png, 1
IMGS/img186.png, 1
IMGS/img187.png, 1
IMGS/img188.png, 0
IMGS/img189.png, 0
IMGS/img190.png, 0
IMGS/img191.png, 1
IMGS/img192.png, 1
IMGS/img193.png, 1
IMGS/img194.png, 1
IMGS/img195.png, 1
IMGS/img196.png, 0
IMGS/img197.png, 1
IMGS/img198.png, 0
IMGS/img199.png, 0
IMGS/img200.png, 1
IMGS/img201.png, 0
IMGS/img202.png, 1
IMGS/img203.png, 1
IMGS/img204.png, 1
IMGS/img205.png, 0
IMGS/img206.png, 0
IMGS/img207.png, 0
IMGS/img208.png, 0
IMGS/img209.png, 1
IMGS/img210.png, 1
IMGS/img211.png, 0
IMGS/img212.png, 0
IMGS/img213.png, 0
IMGS/img214.png, 1
IMGS/img215.png, 1
IMGS/img216.png, 1
IMGS/img217.png, 1
IMGS/img218.png, 1
IMGS/img219.png, 0
IMGS/img220.png, 0
IMGS/img221.png, 0
IMGS/img222.png, 1
IMGS/img223.png, 1
IMGS/img224.png, 0
IMGS/img225.png, 0
IMGS/img226.png, 0
IMGS/img227.png, 0
IMGS/img228.png, 1
IMGS/img229.png, 1
IMGS/img230.png, 0
IMGS/img231.png, 0
IMGS/img232.png, 1
IMGS/img233.png, 1
IMGS/img234.png, 1
IMGS/img235.png, 1
IMGS/img236.png, 1
IMGS/img237.png, 0
IMGS/img238.png, 1
IMGS/img239.png, 1
IMGS/img240.png, 1
IMGS/img241.png, 0
IMGS/img242.png, 1
IMGS/img243.png, 0
IMGS/img244.png, 0
IMGS/img245.png, 1
IMGS/img246.png, 1
IMGS/img247.png, 0
IMGS/img248.png, 0
IMGS/img249.png, 1
IMGS/img250.png, 0
IMGS/img251.png, 1
IMGS/img252.png, 0
IMGS/img253.png, 1
IMGS/img254.png, 0
IMGS/img255.png, 0
IMGS/img256.png, 0
IMGS/img257.png, 0
IMGS/img258.png, 0
IMGS/img259.png, 0
IMGS/img260.png, 1
IMGS/img261.png, 0
IMGS/img262.png, 0
IMGS/img263.png, 0
IMGS/img264.png, 0
IMGS/img265.png, 1
IMGS/img266.png, 0
IMGS/img267.png, 0
IMGS/img268.png, 1
IMGS/img269.png, 1
IMGS/img270.png, 1
IMGS/img271.png, 0
IMGS/img272.png, 0
IMGS/img273.png, 0
IMGS/img274.png, 0
IMGS/img275.png, 1
IMGS/img276.png, 1
IMGS/img277.png, 0
IMGS/img278.png, 0
IMGS/img279.png, 0
IMGS/img280.png, 1
IMGS/img281.png, 0
IMGS/img282.png, 1
IMGS/img283.png, 0
IMGS/img284.png, 0
IMGS/img285.png, 1
IMGS/img286.png, 0
IMGS/img287.png, 1
IMGS/img288.png, 1
IMGS/img289.png, 0
IMGS/img290.png, 0
IMGS/img291.png, 0
IMGS/img292.png, 1
IMGS/img293.png, 1
IMGS/img294.png, 0
IMGS/img295.png, 0
IMGS/img296.png, 0
IMGS/img297.png, 0
IMGS/img298.png, 0
IMGS/img299.png, 0
IMGS/img300.png, 0
IMGS/img301.png, 0
IMGS/img302.png, 1
IMGS/img303.png, 0
IMGS/img304.png, 1
IMGS/img305.png, 0
IMGS/img306.png, 1
IMGS/img307.png, 1
IMGS/img308.png, 0
IMGS/img309.png, 1
IMGS/img310.png, 1
IMGS/img311.png, 0
IMGS/img312.png, 1
IMGS/img313.png, 1
IMGS/img314.png, 1
IMGS/img315.png, 1
IMGS/img316.png, 0
IMGS/img317.png, 1
IMGS/img318.png, 0
IMGS/img319.png, 0
IMGS/img320.png, 1
IMGS/img321.png, 0
IMGS/img322.png, 1
IMGS/img323.png, 0
IMGS/img324.png, 0
IMGS/img325.png, 0
IMGS/img326.png, 0
IMGS/img327.png, 0
IMGS/img328.png, 0
IMGS/img329.png, 1
IMGS/img330.png, 1
IMGS/img331.png, 0
IMGS/img332.png, 1
IMGS/img333.png, 1
IMGS/img334.png, 1
IMGS/img335.png, 1
IMGS/img336.png, 1
IMGS/img337.png, 0
IMGS/img338.png, 0
IMGS/img339.png, 0
IMGS/img340.png, 0
IMGS/img341.png, 0
IMGS/img342.png, 0
IMGS/img343.png, 0
IMGS/img344.png, 1
IMGS/img345.png, 1
IMGS/img346.png, 0
IMGS/img347.png, 1
IMGS/img348.png, 1
IMGS/img349.png, 1
IMGS/img350.png, 0
IMGS/img351.png, 1
IMGS/img352.png, 0
IMGS/img353.png, 0
IMGS/img354.png, 0
IMGS/img355.png, 0
IMGS/img356.png, 0
IMGS/img357.png, 0
IMGS/img358.png, 0
IMGS/img359.png, 1
IMGS/img360.png, 1
IMGS/img361.png, 1
IMGS/img362.png, 0
IMGS/img363.png, 1
IMGS/img364.png, 0
IMGS/img365.png, 1
IMGS/img366.png, 1
IMGS/img367.png, 1
IMGS/img368.png, 1
IMGS/img369.png, 1
IMGS/img370.png, 0
IMGS/img371.png, 0
IMGS/img372.png, 0
IMGS/img373.png, 0
IMGS/img374.png, 1
IMGS/img375.png, 1
IMGS/img376.png, 0
IMGS/img377.png, 0
IMGS/img378.png, 0
IMGS/img379.png, 1
IMGS/img380.png, 1
IMGS/img381.png, 1
IMGS/img382.png, 1
IMGS/img383.png, 0
IMGS/img384.png, 1
IMGS/img385.png, 0
IMGS/img386.png, 0
IMGS/img387.png, 0
IMGS/img388.png, 1
IMGS/img389.png, 1
IMGS/img390.png, 1
IMGS/img391.png, 0
IMGS/img392.png, 0
IMGS/img393.png, 0
IMGS/img394.png, 1
IMGS/img395.png, 0
IMGS/img396.png, 0
IMGS/img397.png, 1
IMGS/img398.png, 1
IMGS/img399.png, 1
IMGS/img400.png, 0
IMGS/img401.png, 0
IMGS/img402.png, 1
IMGS/img403.png, 0
IMGS/img404.png, 1
IMGS/img405.png, 1
IMGS/img406.png, 0
IMGS/img407.png, 1
IMGS/img408.png, 0
IMGS/img409.png, 0
IMGS/img410.png, 0
IMGS/img411.png, 1
IMGS/img412.png, 0
IMGS/img413.png, 1
IMGS/img414.png, 1
IMGS/img415.png, 0
IMGS/img416.png, 0
IMGS/img417.png, 0
IMGS/img418.png, 1
IMGS/img419.png, 1
IMGS/img420.png, 0
IMGS/img421.png, 1
IMGS/img422.png, 1
IMGS/img423.png, 1
IMGS/img424.png, 0
IMGS/img425.png, 0
IMGS/img426.png, 0
IMGS/img427.png, 0
IMGS/img428.png, 0
IMGS/img429.png, 1
IMGS/img430.png, 0
IMGS/img431.png, 0
IMGS/img432.png, 0
IMGS/img433.png, 1
IMGS/img434.png, 0
IMGS/img435.png, 0
IMGS/img436.png, 0
IMGS/img437.png, 0
IMGS/img438.png, 1
IMGS/img439.png, 0
IMGS/img440.png, 0
IMGS/img441.png, 0
IMGS/img442.png, 1
IMGS/img443.png, 0
IMGS/img444.png, 0
IMGS/img445.png, 1
IMGS/img446.png, 0
IMGS/img447.png, 0
IMGS/img448.png, 0
IMGS/img449.png, 0
IMGS/img450.png, 0
IMGS/img451.png, 1
IMGS/img452.png, 0
IMGS/img453.png, 0
IMGS/img454.png, 1
IMGS/img455.png, 1
IMGS/img456.png, 0
IMGS/img457.png, 0
IMGS/img458.png, 0
IMGS/img459.png, 1
IMGS/img460.png, 0
IMGS/img461.png, 0
IMGS/img462.png, 1
IMGS/img463.png, 1
IMGS/img464.png, 1
IMGS/img465.png, 1
IMGS/img466.png, 0
IMGS/img467.png, 1
IMGS/img468.png, 1
IMGS/img469.png, 0
IMGS/img470.png, 1
IMGS/img471.png, 1
IMGS/img472.png, 0
IMGS/img473.png, 0
IMGS/img474.png, 0
IMGS/img475.png, 1
IMGS/img476.png, 0
IMGS/img477.png, 1
IMGS/img478.png, 0
IMGS/img479.png, 0
IMGS/img480.png, 1
IMGS/img481.png, 0
IMGS/img482.png, 0
IMGS/img483.png, 0
IMGS/img484.png, 1
IMGS/img485.png, 1
IMGS/img486.png, 0
IMGS/img487.png, 0
IMGS/img488.png, 0
IMGS/img489.png, 1
IMGS/img490.png, 0
IMGS/img491.png, 0
IMGS/img492.png, 0
IMGS/img493.png, 0
IMGS/img494.png, 1
IMGS/img495.png, 0
IMGS/img496.png, 0
IMGS/img497.png, 0
IMGS/img498.png, 0
IMGS/img499.png, 0
IMGS/img500.png, 1
IMGS/img501.png, 1
IMGS/img502.png, 0
IMGS/img503.png, 1
IMGS/img504.png, 0
IMGS/img505.png, 0
IMGS/img506.png, 1
IMGS/img507.png, 0
IMGS/img508.png, 0
IMGS/img509.png, 1
IMGS/img510.png, 1
IMGS/img511.png, 0
IMGS/img512.png, 1
IMGS/img513.png, 0
IMGS/img514.png, 0
IMGS/img515.png, 0
IMGS/img516.png, 1
IMGS/img517.png, 1
IMGS/img518.png, 1
IMGS/img519.png, 1
IMGS/img520.png, 0
IMGS/img521.png, 1
IMGS/img522.png, 1
IMGS/img523.png, 1
IMGS/img524.png, 1
IMGS/img525.png, 0
IMGS/img526.png, 1
IMGS/img527.png, 0
IMGS/img528.png, 0
IMGS/img529.png, 1
IMGS/img530.png, 0
IMGS/img531.png, 0
IMGS/img532.png, 1
IMGS/img533.png, 1
IMGS/img534.png, 1
IMGS/img535.png, 0
IMGS/img536.png, 0
IMGS/img537.png, 1
IMGS/img538.png, 0
IMGS/img539.png, 1
IMGS/img540.png, 1
IMGS/img541.png, 1
IMGS/img542.png, 1
IMGS/img543.png, 0
IMGS/img544.png, 0
IMGS/img545.png, 1
IMGS/img546.png, 0
IMGS/img547.png, 0
IMGS/img548.png, 0
IMGS/img549.png, 1
IMGS/img550.png, 0
IMGS/img551.png, 1
IMGS/img552.png, 1
IMGS/img553.png, 0
IMGS/img554.png, 0
IMGS/img555.png, 1
IMGS/img556.png, 0
IMGS/img557.png, 1
IMGS/img558.png, 1
IMGS/img559.png, 1
IMGS/img560.png, 1
IMGS/img561.png, 1
IMGS/img562.png, 0
IMGS/img563.png, 1
IMGS/img564.png, 0
IMGS/img565.png, 1
IMGS/img566.png, 0
IMGS/img567.png, 0
IMGS/img568.png, 0
IMGS/img569.png, 0
IMGS/img570.png, 0
IMGS/img571.png, 1
IMGS/img572.png, 1
IMGS/img573.png, 0
IMGS/img574.png, 1
IMGS/img575.png, 1
IMGS/img576.png, 1
IMGS/img577.png, 0
IMGS/img578.png, 1
IMGS/img579.png, 0
IMGS/img580.png, 0
IMGS/img581.png, 1
IMGS/img582.png, 1
IMGS/img583.png, 1
IMGS/img584.png, 1
IMGS/img585.png, 1
IMGS/img586.png, 0
IMGS/img587.png, 1
IMGS/img588.png, 0
IMGS/img589.png, 1
IMGS/img590.png, 0
IMGS/img591.png, 1
IMGS/img592.png, 0
IMGS/img593.png, 1
IMGS/img594.png, 1
IMGS/img595.png, 1
IMGS/img596.png, 1
IMGS/img597.png, 0
IMGS/img598.png, 0
IMGS/img599.png, 1
IMGS/img600.png, 0
IMGS/img601.png, 1
IMGS/img602.png, 0
IMGS/img603.png, 1
IMGS/img604.png, 0
IMGS/img605.png, 0
IMGS/img606.png, 1
IMGS/img607.png, 0
IMGS/img608.png, 0
IMGS/img609.png, 0
IMGS/img610.png, 1
IMGS/img611.png, 1
IMGS/img612.png, 1
IMGS/img613.png, 0
IMGS/img614.png, 1
IMGS/img615.png, 0
IMGS/img616.png, 0
IMGS/img617.png, 1
IMGS/img618.png, 0
IMGS/img619.png, 0
IMGS/img620.png, 0
IMGS/img621.png, 1
IMGS/img622.png, 0
IMGS/img623.png, 1
IMGS/img624.png, 1
IMGS/img625.png, 1
IMGS/img626.png, 1
IMGS/img627.png, 0
IMGS/img628.png, 1
IMGS/img629.png, 0
IMGS/img630.png, 0
IMGS/img631.png, 0
IMGS/img632.png, 0
IMGS/img633.png, 0
IMGS/img634.png, 1
IMGS/img635.png, 1
IMGS/img636.png, 0
IMGS/img637.png, 1
IMGS/img638.png, 0
IMGS/img639.png, 0
IMGS/img640.png, 0
IMGS/img641.png, 1
IMGS/img642.png, 0
IMGS/img643.png, 0
IMGS/img644.png, 1
IMGS/img645.png, 1
IMGS/img646.png, 1
IMGS/img647.png, 1
IMGS/img648.png, 1
IMGS/img649.png, 1
IMGS/img650.png, 1
IMGS/img651.png, 0
IMGS/img652.png, 0
IMGS/img653.png, 1
IMGS/img654.png, 1
IMGS/img655.png, 1
IMGS/img656.png, 0
IMGS/img657.png, 1
IMGS/img658.png, 1
IMGS/img659.png, 0
IMGS/img660.png, 1
IMGS/img661.png, 0
IMGS/img662.png, 1
IMGS/img663.png, 0
IMGS/img664.png, 0
IMGS/img665.png, 1
IMGS/img666.png, 1
IMGS/img667.png, 1
IMGS/img668.png, 0
IMGS/img669.png, 1
IMGS/img670.png, 0
IMGS/img671.png, 1
IMGS/img672.png, 1
IMGS/img673.png, 0
IMGS/img674.png, 1
IMGS/img675.png, 1
IMGS/img676.png, 0
IMGS/img677.png, 1
IMGS/img678.png, 1
IMGS/img679.png, 0
IMGS/img680.png, 1
IMGS/img681.png, 0
IMGS/img682.png, 0
IMGS/img683.png, 1
IMGS/img684.png, 0
IMGS/img685.png, 0
IMGS/img686.png, 1
IMGS/img687.png, 1
IMGS/img688.png, 0
IMGS/img689.png, 0
IMGS/img690.png, 0
IMGS/img691.png, 0
IMGS/img692.png, 1
IMGS/img693.png, 0
IMGS/img694.png, 0
IMGS/img695.png, 1
IMGS/img696.png, 0
IMGS/img697.png, 1
IMGS/img698.png, 1
IMGS/img699.png, 0
IMGS/img700.png, 1
IMGS/img701.png, 0
IMGS/img702.png, 1
IMGS/img703.png, 1
IMGS/img704.png, 0
IMGS/img705.png, 0
IMGS/img706.png, 1
IMGS/img707.png, 0
IMGS/img708.png, 1
IMGS/img709.png, 1
IMGS/img710.png, 0
IMGS/img711.png, 0
IMGS/img712.png, 1
IMGS/img713.png, 0
IMGS/img714.png, 0
IMGS/img715.png, 1
IMGS/img716.png, 0
IMGS/img717.png, 1
IMGS/img718.png, 1
IMGS/img719.png, 0
IMGS/img720.png, 1
IMGS/img721.png, 0
IMGS/img722.png, 0
IMGS/img723.png, 1
IMGS/img724.png, 1
IMGS/img725.png, 1
IMGS/img726.png, 0
IMGS/img727.png, 0
IMGS/img728.png, 0
IMGS/img729.png, 0
IMGS/img730.png, 1
IMGS/img731.png, 0
IMGS/img732.png, 0
IMGS/img733.png, 1
IMGS/img734.png, 0
IMGS/img735.png, 0
IMGS/img736.png, 0
IMGS/img737.png, 1
IMGS/img738.png, 0
IMGS/img739.png, 1
IMGS/img740.png, 0
IMGS/img741.png, 0
IMGS/img742.png, 1
IMGS/img743.png, 0
IMGS/img744.png, 1
IMGS/img745.png, 0
IMGS/img746.png, 0
IMGS/img747.png, 1
IMGS/img748.png, 0
IMGS/img749.png, 0
IMGS/img750.png, 1
IMGS/img751.png, 1
IMGS/img752.png, 1
IMGS/img753.png, 0
IMGS/img754.png, 1
IMGS/img755.png, 0
IMGS/img756.png, 0
IMGS/img757.png, 1
IMGS/img758.png, 0
IMGS/img759.png, 0
IMGS/img760.png, 1
IMGS/img761.png, 1
IMGS/img762.png, 1
IMGS/img763.png, 0
IMGS/img764.png, 1
IMGS/img765.png, 1
IMGS/img766.png, 1
IMGS/img767.png, 1
IMGS/img768.png, 1
IMGS/img769.png, 0
IMGS/img770.png, 1
IMGS/img771.png, 0
IMGS/img772.png, 0
IMGS/img773.png, 1
IMGS/img774.png, 1
IMGS/img775.png, 0
IMGS/img776.png, 0
IMGS/img777.png, 1
IMGS/img778.png, 1
IMGS/img779.png, 0
IMGS/img780.png, 1
IMGS/img781.png, 1
IMGS/img782.png, 1
IMGS/img783.png, 1
IMGS/img784.png, 1
IMGS/img785.png, 1
IMGS/img786.png, 1
IMGS/img787.png, 1
IMGS/img788.png, 0
IMGS/img789.png, 1
IMGS/img790.png, 1
IMGS/img791.png, 1
IMGS/img792.png, 1
IMGS/img793.png, 1
IMGS/img794.png, 1
IMGS/img795.png, 1
IMGS/img796.png, 1
IMGS/img797.png, 1
IMGS/img798.png, 0
IMGS/img799.png, 0
IMGS/img800.png, 0
IMGS/img801.png, 1
IMGS/img802.png, 0
IMGS/img803.png, 0
IMGS/img804.png, 0
IMGS/img805.png, 1
IMGS/img806.png, 1
IMGS/img807.png, 1
IMGS/img808.png, 1
IMGS/img809.png, 1
IMGS/img810.png, 1
IMGS/img811.png, 1
IMGS/img812.png, 1
IMGS/img813.png, 1
IMGS/img814.png, 1
IMGS/img815.png, 0
IMGS/img816.png, 0
IMGS/img817.png, 1
IMGS/img818.png, 0
IMGS/img819.png, 1
IMGS/img820.png, 1
IMGS/img821.png, 1
IMGS/img822.png, 0
IMGS/img823.png, 1
IMGS/img824.png, 1
IMGS/img825.png, 0
IMGS/img826.png, 1
IMGS/img827.png, 1
IMGS/img828.png, 1
IMGS/img829.png, 0
IMGS/img830.png, 0
IMGS/img831.png, 1
IMGS/img832.png, 0
IMGS/img833.png, 1
IMGS/img834.png, 1
IMGS/img835.png, 0
IMGS/img836.png, 0
IMGS/img837.png, 0
IMGS/img838.png, 0
IMGS/img839.png, 1
IMGS/img840.png, 0
IMGS/img841.png, 1
IMGS/img842.png, 0
IMGS/img843.png, 0
IMGS/img844.png, 1
IMGS/img845.png, 0
IMGS/img846.png, 0
IMGS/img847.png, 1
IMGS/img848.png, 1
IMGS/img849.png, 0
IMGS/img850.png, 1
IMGS/img851.png, 1
IMGS/img852.png, 0
IMGS/img853.png, 0
IMGS/img854.png, 1
IMGS/img855.png, 0
IMGS/img856.png, 1
IMGS/img857.png, 1
IMGS/img858.png, 1
IMGS/img859.png, 1
IMGS/img860.png, 1
IMGS/img861.png, 0
IMGS/img862.png, 0
IMGS/img863.png, 1
IMGS/img864.png, 1
IMGS/img865.png, 1
IMGS/img866.png, 1
IMGS/img867.png, 1
IMGS/img868.png, 1
IMGS/img869.png, 1
IMGS/img870.png, 1
IMGS/img871.png, 0
IMGS/img872.png, 0
IMGS/img873.png, 0
IMGS/img874.png, 1
IMGS/img875.png, 0
IMGS/img876.png, 1
IMGS/img877.png, 0
IMGS/img878.png, 0
IMGS/img879.png, 0
IMGS/img880.png, 1
IMGS/img881.png, 1
IMGS/img882.png, 1
IMGS/img883.png, 1
IMGS/img884.png, 0
IMGS/img885.png, 1
IMGS/img886.png, 1
IMGS/img887.png, 1
IMGS/img888.png, 0
IMGS/img889.png, 0
IMGS/img890.png, 0
IMGS/img891.png, 0
IMGS/img892.png, 1
IMGS/img893.png, 0
IMGS/img894.png, 0
IMGS/img895.png, 0
IMGS/img896.png, 0
IMGS/img897.png, 0
IMGS/img898.png, 0
IMGS/img899.png, 1
IMGS/img900.png, 1
IMGS/img901.png, 0
IMGS/img902.png, 1
IMGS/img903.png, 1
IMGS/img904.png, 1
IMGS/img905.png, 1
IMGS/img906.png, 1
IMGS/img907.png, 0
IMGS/img908.png, 1
IMGS/img909.png, 1
IMGS/img910.png, 0
IMGS/img911.png, 1
IMGS/img912.png, 1
IMGS/img913.png, 0
IMGS/img914.png, 0
IMGS/img915.png, 1
IMGS/img916.png, 0
IMGS/img917.png, 0
IMGS/img918.png, 0
IMGS/img919.png, 1
IMGS/img920.png, 0
IMGS/img921.png, 0
IMGS/img922.png, 0
IMGS/img923.png, 0
IMGS/img924.png, 1
IMGS/img925.png, 0
IMGS/img926.png, 1
IMGS/img927.png, 1
IMGS/img928.png, 0
IMGS/img929.png, 0
IMGS/img930.png, 1
IMGS/img931.png, 0
IMGS/img932.png, 1
IMGS/img933.png, 0
IMGS/img934.png, 0
IMGS/img935.png, 1
IMGS/img936.png, 1
IMGS/img937.png, 1
IMGS/img938.png, 0
IMGS/img939.png, 0
IMGS/img940.png, 0
IMGS/img941.png, 0
IMGS/img942.png, 1
IMGS/img943.png, 0
IMGS/img944.png, 0
IMGS/img945.png, 1
IMGS/img946.png, 0
IMGS/img947.png, 1
IMGS/img948.png, 0
IMGS/img949.png, 1
IMGS/img950.png, 1
IMGS/img951.png, 0
IMGS/img952.png, 1
IMGS/img953.png, 0
IMGS/img954.png, 0
IMGS/img955.png, 0
IMGS/img956.png, 1
IMGS/img957.png, 0
IMGS/img958.png, 1
IMGS/img959.png, 1
IMGS/img960.png, 0
IMGS/img961.png, 1
IMGS/img962.png, 0
IMGS/img963.png, 1
IMGS/img964.png, 0
IMGS/img965.png, 0
IMGS/img966.png, 1
IMGS/img967.png, 1
IMGS/img968.png, 1
IMGS/img969.png, 0
IMGS/img970.png, 1
IMGS/img971.png, 0
IMGS/img972.png, 0
IMGS/img973.png, 1
IMGS/img974.png, 1
IMGS/img975.png, 1
IMGS/img976.png, 1
IMGS/img977.png, 1
IMGS/img978.png, 0
IMGS/img979.png, 1
IMGS/img980.png, 0
IMGS/img981.png, 1
IMGS/img982.png, 1
IMGS/img983.png, 1
IMGS/img984.png, 0
IMGS/img985.png, 0
IMGS/img986.png, 1
IMGS/img987.png, 0
IMGS/img988.png, 0
IMGS/img989.png, 0
IMGS/img990.png, 0
IMGS/img991.png, 0
IMGS/img992.png, 1
IMGS/img993.png, 0
IMGS/img994.png, 0
IMGS/img995.png, 0
IMGS/img996.png, 0
IMGS/img997.png, 0
IMGS/img998.png, 0
IMGS/img999.png, 0
IMGS/img1000.png, 0
IMGS/img1001.png, 1
IMGS/img1002.png, 1
IMGS/img1003.png, 1
IMGS/img1004.png, 1
IMGS/img1005.png, 1
IMGS/img1006.png, 0
IMGS/img1007.png, 0
IMGS/img1008.png, 1
IMGS/img1009.png, 0
IMGS/img1010.png, 1
IMGS/img1011.png, 1
IMGS/img1012.png, 1
IMGS/img1013.png, 1
IMGS/img1014.png, 1
IMGS/img1015.png, 0
IMGS/img1016.png, 1
IMGS/img1017.png, 0
IMGS/img1018.png, 0
IMGS/img1019.png, 0
IMGS/img1020.png, 1
IMGS/img1021.png, 0
IMGS/img1022.png, 1
IMGS/img1023.png, 0
IMGS/img1024.png, 1
IMGS/img1025.png, 1
IMGS/img1026.png, 1
IMGS/img1027.png, 0
IMGS/img1028.png, 0
IMGS/img1029.png, 1
IMGS/img1030.png, 0
IMGS/img1031.png, 1
IMGS/img1032.png, 0
IMGS/img1033.png, 1
IMGS/img1034.png, 0
IMGS/img1035.png, 0
IMGS/img1036.png, 0
IMGS/img1037.png, 0
IMGS/img1038.png, 0
IMGS/img1039.png, 0
IMGS/img1040.png, 1
IMGS/img1041.png, 0
IMGS/img1042.png, 0
IMGS/img1043.png, 1
IMGS/img1044.png, 1
IMGS/img1045.png, 1
IMGS/img1046.png, 0
IMGS/img1047.png, 0
IMGS/img1048.png, 0
IMGS/img1049.png, 0
IMGS/img1050.png, 1
IMGS/img1051.png, 0
IMGS/img1052.png, 0
IMGS/img1053.png, 0
IMGS/img1054.png, 1
IMGS/img1055.png, 1
IMGS/img1056.png, 0
IMGS/img1057.png, 1
IMGS/img1058.png, 0
IMGS/img1059.png, 0
IMGS/img1060.png, 0
IMGS/img1061.png, 0
IMGS/img1062.png, 0
IMGS/img1063.png, 0
IMGS/img1064.png, 0
IMGS/img1065.png, 1
IMGS/img1066.png, 0
IMGS/img1067.png, 0
IMGS/img1068.png, 1
IMGS/img1069.png, 1
IMGS/img1070.png, 1
IMGS/img1071.png, 1
IMGS/img1072.png, 0
IMGS/img1073.png, 0
IMGS/img1074.png, 0
IMGS/img1075.png, 1
IMGS/img1076.png, 1
IMGS/img1077.png, 1
IMGS/img1078.png, 0
IMGS/img1079.png, 1
IMGS/img1080.png, 0
IMGS/img1081.png, 0
IMGS/img1082.png, 0
IMGS/img1083.png, 0
IMGS/img1084.png, 1
IMGS/img1085.png, 1
IMGS/img1086.png, 1
IMGS/img1087.png, 1
IMGS/img1088.png, 0
IMGS/img1089.png, 0
IMGS/img1090.png, 1
IMGS/img1091.png, 0
IMGS/img1092.png, 0
IMGS/img1093.png, 1
IMGS/img1094.png, 0
IMGS/img1095.png, 1
IMGS/img1096.png, 0
IMGS/img1097.png, 1
IMGS/img1098.png, 1
IMGS/img1099.png, 0
IMGS/img1100.png, 0
IMGS/img1101.png, 1
IMGS/img1102.png, 0
IMGS/img1103.png, 0
IMGS/img1104.png, 0
IMGS/img1105.png, 0
IMGS/img1106.png, 1
IMGS/img1107.png, 0
IMGS/img1108.png, 0
IMGS/img1109.png, 0
IMGS/img1110.png, 1
IMGS/img1111.png, 0
IMGS/img1112.png, 1
IMGS/img1113.png, 1
IMGS/img1114.png, 0
IMGS/img1115.png, 1
IMGS/img1116.png, 0
IMGS/img1117.png, 1
IMGS/img1118.png, 1
IMGS/img1119.png, 0
IMGS/img1120.png, 1
IMGS/img1121.png, 0
IMGS/img1122.png, 1
IMGS/img1123.png, 1
IMGS/img1124.png, 1
IMGS/img1125.png, 1
IMGS/img1126.png, 0
IMGS/img1127.png, 1
IMGS/img1128.png, 0
IMGS/img1129.png, 0
IMGS/img1130.png, 1
IMGS/img1131.png, 1
IMGS/img1132.png, 0
IMGS/img1133.png, 0
IMGS/img1134.png, 0
IMGS/img1135.png, 0
IMGS/img1136.png, 1
IMGS/img1137.png, 1
IMGS/img1138.png, 0
IMGS/img1139.png, 1
IMGS/img1140.png, 0
IMGS/img1141.png, 0
IMGS/img1142.png, 0
IMGS/img1143.png, 0
IMGS/img1144.png, 1
IMGS/img1145.png, 1
IMGS/img1146.png, 1
IMGS/img1147.png, 0
IMGS/img1148.png, 1
IMGS/img1149.png, 1
IMGS/img1150.png, 0
IMGS/img1151.png, 0
IMGS/img1152.png, 0
IMGS/img1153.png, 0
IMGS/img1154.png, 1
IMGS/img1155.png, 1
IMGS/img1156.png, 0
IMGS/img1157.png, 0
IMGS/img1158.png, 1
IMGS/img1159.png, 1
IMGS/img1160.png, 1
IMGS/img1161.png, 0
IMGS/img1162.png, 1
IMGS/img1163.png, 0
IMGS/img1164.png, 0
IMGS/img1165.png, 1
IMGS/img1166.png, 1
IMGS/img1167.png, 0
IMGS/img1168.png, 1
IMGS/img1169.png, 1
IMGS/img1170.png, 0
IMGS/img1171.png, 0
IMGS/img1172.png, 0
IMGS/img1173.png, 0
IMGS/img1174.png, 0
IMGS/img1175.png, 0
IMGS/img1176.png, 1
IMGS/img1177.png, 1
IMGS/img1178.png, 0
IMGS/img1179.png, 0
IMGS/img1180.png, 1
IMGS/img1181.png, 1
IMGS/img1182.png, 0
IMGS/img1183.png, 0
IMGS/img1184.png, 0
IMGS/img1185.png, 1
IMGS/img1186.png, 1
IMGS/img1187.png, 0
IMGS/img1188.png, 0
IMGS/img1189.png, 1
IMGS/img1190.png, 1
IMGS/img1191.png, 0
IMGS/img1192.png, 1
IMGS/img1193.png, 0
IMGS/img1194.png, 1
IMGS/img1195.png, 1
IMGS/img1196.png, 0
IMGS/img1197.png, 1
IMGS/img1198.png, 0
IMGS/img1199.png, 1
IMGS/img1200.png, 0
IMGS/img1201.png, 0
IMGS/img1202.png, 0
IMGS/img1203.png, 0
IMGS/img1204.png, 0
IMGS/img1205.png, 1
IMGS/img1206.png, 1
IMGS/img1207.png, 0
IMGS/img1208.png, 1
IMGS/img1209.png, 1
IMGS/img1210.png, 0
IMGS/img1211.png, 0
IMGS/img1212.png, 0
IMGS/img1213.png, 0
IMGS/img1214.png, 1
IMGS/img1215.png, 1
IMGS/img1216.png, 1
IMGS/img1217.png, 0
IMGS/img1218.png, 0
IMGS/img1219.png, 0
IMGS/img1220.png, 0
IMGS/img1221.png, 0
IMGS/img1222.png, 1
IMGS/img1223.png, 0
IMGS/img1224.png, 1
IMGS/img1225.png, 1
IMGS/img1226.png, 0
IMGS/img1227.png, 0
IMGS/img1228.png, 1
IMGS/img1229.png, 0
IMGS/img1230.png, 1
IMGS/img1231.png, 0
IMGS/img1232.png, 1
IMGS/img1233.png, 1
IMGS/img1234.png, 0
IMGS/img1235.png, 1
IMGS/img1236.png, 0
IMGS/img1237.png, 0
IMGS/img1238.png, 0
IMGS/img1239.png, 0
IMGS/img1240.png, 1
IMGS/img1241.png, 0
IMGS/img1242.png, 1
IMGS/img1243.png, 1
IMGS/img1244.png, 1
IMGS/img1245.png, 1
IMGS/img1246.png, 0
IMGS/img1247.png, 0
IMGS/img1248.png, 1
IMGS/img1249.png, 1
IMGS/img1250.png, 1
IMGS/img1251.png, 1
IMGS/img1252.png, 0
IMGS/img1253.png, 1
IMGS/img1254.png, 0
IMGS/img1255.png, 1
IMGS/img1256.png, 0
IMGS/img1257.png, 1
IMGS/img1258.png, 1
IMGS/img1259.png, 0
IMGS/img1260.png, 1
IMGS/img1261.png, 0
IMGS/img1262.png, 0
IMGS/img1263.png, 0
IMGS/img1264.png, 0
IMGS/img1265.png, 0
IMGS/img1266.png, 1
IMGS/img1267.png, 0
IMGS/img1268.png, 0
IMGS/img1269.png, 1
IMGS/img1270.png, 1
IMGS/img1271.png, 0
IMGS/img1272.png, 0
IMGS/img1273.png, 0
IMGS/img1274.png, 1
IMGS/img1275.png, 0
IMGS/img1276.png, 1
IMGS/img1277.png, 1
IMGS/img1278.png, 1
IMGS/img1279.png, 1
IMGS/img1280.png, 1
IMGS/img1281.png, 0
IMGS/img1282.png, 1
IMGS/img1283.png, 0
IMGS/img1284.png, 0
IMGS/img1285.png, 0
IMGS/img1286.png, 1
IMGS/img1287.png, 1
IMGS/img1288.png, 0
IMGS/img1289.png, 0
IMGS/img1290.png, 0
IMGS/img1291.png, 0
IMGS/img1292.png, 0
IMGS/img1293.png, 0
IMGS/img1294.png, 0
IMGS/img1295.png, 0
IMGS/img1296.png, 1
IMGS/img1297.png, 0
IMGS/img1298.png, 1
IMGS/img1299.png, 0
IMGS/img1300.png, 1
IMGS/img1301.png, 0
IMGS/img1302.png, 1
IMGS/img1303.png, 1
IMGS/img1304.png, 1
IMGS/img1305.png, 1
IMGS/img1306.png, 1
IMGS/img1307.png, 1
IMGS/img1308.png, 0
IMGS/img1309.png, 1
IMGS/img1310.png, 0
IMGS/img1311.png, 0
IMGS/img1312.png, 0
IMGS/img1313.png, 1
IMGS/img1314.png, 0
IMGS/img1315.png, 0
IMGS/img1316.png, 1
IMGS/img1317.png, 0
IMGS/img1318.png, 0
IMGS/img1319.png, 0
IMGS/img1320.png, 1
IMGS/img1321.png, 0
IMGS/img1322.png, 0
IMGS/img1323.png, 1
IMGS/img1324.png, 0
IMGS/img1325.png, 0
IMGS/img1326.png, 1
IMGS/img1327.png, 1
IMGS/img1328.png, 0
IMGS/img1329.png, 0
IMGS/img1330.png, 0
IMGS/img1331.png, 1
IMGS/img1332.png, 1
IMGS/img1333.png, 1
IMGS/img1334.png, 1
IMGS/img1335.png, 0
IMGS/img1336.png, 1
IMGS/img1337.png, 1
IMGS/img1338.png, 0
IMGS/img1339.png, 1
IMGS/img1340.png, 0
IMGS/img1341.png, 0
IMGS/img1342.png, 1
IMGS/img1343.png, 1
IMGS/img1344.png, 0
IMGS/img1345.png, 1
IMGS/img1346.png, 0
IMGS/img1347.png, 1
IMGS/img1348.png, 1
IMGS/img1349.png, 0
IMGS/img1350.png, 0
IMGS/img1351.png, 0
IMGS/img1352.png, 0
IMGS/img1353.png, 1
IMGS/img1354.png, 1
IMGS/img1355.png, 0
IMGS/img1356.png, 0
IMGS/img1357.png, 0
IMGS/img1358.png, 1
IMGS/img1359.png, 1
IMGS/img1360.png, 1
IMGS/img1361.png, 0
IMGS/img1362.png, 0
IMGS/img1363.png, 1
IMGS/img1364.png, 1
IMGS/img1365.png, 1
IMGS/img1366.png, 1
IMGS/img1367.png, 1
IMGS/img1368.png, 0
IMGS/img1369.png, 1
IMGS/img1370.png, 1
IMGS/img1371.png, 0
IMGS/img1372.png, 0
IMGS/img1373.png, 0
IMGS/img1374.png, 0
IMGS/img1375.png, 1
IMGS/img1376.png, 0
IMGS/img1377.png, 1
IMGS/img1378.png, 0
IMGS/img1379.png, 1
IMGS/img1380.png, 1
IMGS/img1381.png, 1
IMGS/img1382.png, 1
IMGS/img1383.png, 0
IMGS/img1384.png, 0
IMGS/img1385.png, 1
IMGS/img1386.png, 1
IMGS/img1387.png, 1
IMGS/img1388.png, 0
IMGS/img1389.png, 1
IMGS/img1390.png, 0
IMGS/img1391.png, 1
IMGS/img1392.png, 0
IMGS/img1393.png, 1
IMGS/img1394.png, 1
IMGS/img1395.png, 1
IMGS/img1396.png, 1
IMGS/img1397.png, 0
IMGS/img1398.png, 1
IMGS/img1399.png, 1
IMGS/img1400.png, 1
IMGS/img1401.png, 0
IMGS/img1402.png, 1
IMGS/img1403.png, 0
IMGS/img1404.png, 0
IMGS/img1405.png, 0
IMGS/img1406.png, 0
IMGS/img1407.png, 0
IMGS/img1408.png, 0
IMGS/img1409.png, 1
IMGS/img1410.png, 0
IMGS/img1411.png, 0
IMGS/img1412.png, 1
IMGS/img1413.png, 1
IMGS/img1414.png, 1
IMGS/img1415.png, 1
IMGS/img1416.png, 1
IMGS/img1417.png, 1
IMGS/img1418.png, 1
IMGS/img1419.png, 0
IMGS/img1420.png, 1
IMGS/img1421.png, 0
IMGS/img1422.png, 1
IMGS/img1423.png, 0
IMGS/img1424.png, 1
IMGS/img1425.png, 0
IMGS/img1426.png, 0
IMGS/img1427.png, 1
IMGS/img1428.png, 0
IMGS/img1429.png, 0
IMGS/img1430.png, 1
IMGS/img1431.png, 0
IMGS/img1432.png, 0
IMGS/img1433.png, 1
IMGS/img1434.png, 1
IMGS/img1435.png, 1
IMGS/img1436.png, 1
IMGS/img1437.png, 1
IMGS/img1438.png, 0
IMGS/img1439.png, 0
IMGS/img1440.png, 1
IMGS/img1441.png, 1
IMGS/img1442.png, 0
IMGS/img1443.png, 0
IMGS/img1444.png, 0
IMGS/img1445.png, 1
IMGS/img1446.png, 1
IMGS/img1447.png, 1
IMGS/img1448.png, 0
IMGS/img1449.png, 1
IMGS/img1450.png, 0
IMGS/img1451.png, 1
IMGS/img1452.png, 1
IMGS/img1453.png, 1
IMGS/img1454.png, 0
IMGS/img1455.png, 0
IMGS/img1456.png, 1
IMGS/img1457.png, 0
IMGS/img1458.png, 1
IMGS/img1459.png, 1
IMGS/img1460.png, 0
IMGS/img1461.png, 0
IMGS/img1462.png, 0
IMGS/img1463.png, 0
IMGS/img1464.png, 0
IMGS/img1465.png, 1
IMGS/img1466.png, 0
IMGS/img1467.png, 0
IMGS/img1468.png, 0
IMGS/img1469.png, 1
IMGS/img1470.png, 0
IMGS/img1471.png, 0
IMGS/img1472.png, 1
IMGS/img1473.png, 1
IMGS/img1474.png, 0
IMGS/img1475.png, 0
IMGS/img1476.png, 1
IMGS/img1477.png, 0
IMGS/img1478.png, 1
IMGS/img1479.png, 0
IMGS/img1480.png, 0
IMGS/img1481.png, 0
IMGS/img1482.png, 0
IMGS/img1483.png, 0
IMGS/img1484.png, 0
IMGS/img1485.png, 0
IMGS/img1486.png, 0
IMGS/img1487.png, 0
IMGS/img1488.png, 1
IMGS/img1489.png, 0
IMGS/img1490.png, 1
IMGS/img1491.png, 0
IMGS/img1492.png, 1
IMGS/img1493.png, 1
IMGS/img1494.png, 1
IMGS/img1495.png, 0
IMGS/img1496.png, 1
IMGS/img1497.png, 0
IMGS/img1498.png, 1
IMGS/img1499.png, 1
IMGS/img1500.png, 1
IMGS/img1501.png, 0
IMGS/img1502.png, 0
IMGS/img1503.png, 0
IMGS/img1504.png, 1
IMGS/img1505.png, 0
IMGS/img1506.png, 0
IMGS/img1507.png, 1
IMGS/img1508.png, 1
IMGS/img1509.png, 0
IMGS/img1510.png, 1
IMGS/img1511.png, 1
IMGS/img1512.png, 1
IMGS/img1513.png, 1
IMGS/img1514.png, 0
IMGS/img1515.png, 1
IMGS/img1516.png, 1
IMGS/img1517.png, 1
IMGS/img1518.png, 1
IMGS/img1519.png, 1
IMGS/img1520.png, 0
IMGS/img1521.png, 0
IMGS/img1522.png, 0
IMGS/img1523.png, 1
IMGS/img1524.png, 0
IMGS/img1525.png, 1
IMGS/img1526.png, 1
IMGS/img1527.png, 1
IMGS/img1528.png, 1
IMGS/img1529.png, 1
IMGS/img1530.png, 1
IMGS/img1531.png, 0
IMGS/img1532.png, 0
IMGS/img1533.png, 0
IMGS/img1534.png, 0
IMGS/img1535.png, 1
IMGS/img1536.png, 1
IMGS/img1537.png, 1
IMGS/img1538.png, 0
IMGS/img1539.png, 0
IMGS/img1540.png, 0
IMGS/img1541.png, 0
IMGS/img1542.png, 0
IMGS/img1543.png, 1
IMGS/img1544.png, 0
IMGS/img1545.png, 0
IMGS/img1546.png, 0
IMGS/img1547.png, 0
IMGS/img1548.png, 1
IMGS/img1549.png, 0
IMGS/img1550.png, 1
IMGS/img1551.png, 0
IMGS/img1552.png, 1
IMGS/img1553.png, 1
IMGS/img1554.png, 1
IMGS/img1555.png, 0
IMGS/img1556.png, 0
IMGS/img1557.png, 0
IMGS/img1558.png, 0
IMGS/img1559.png, 0
IMGS/img1560.png, 0
IMGS/img1561.png, 0
IMGS/img1562.png, 1
IMGS/img1563.png, 0
IMGS/img1564.png, 1
IMGS/img1565.png, 1
IMGS/img1566.png, 0
IMGS/img1567.png, 0
IMGS/img1568.png, 1
IMGS/img1569.png, 0
IMGS/img1570.png, 0
IMGS/img1571.png, 1
IMGS/img1572.png, 1
IMGS/img1573.png, 1
IMGS/img1574.png, 0
IMGS/img1575.png, 0
IMGS/img1576.png, 1
IMGS/img1577.png, 0
IMGS/img1578.png, 1
IMGS/img1579.png, 0
IMGS/img1580.png, 1
IMGS/img1581.png, 0
IMGS/img1582.png, 1
IMGS/img1583.png, 1
IMGS/img1584.png, 1
IMGS/img1585.png, 0
IMGS/img1586.png, 0
IMGS/img1587.png, 1
IMGS/img1588.png, 1
IMGS/img1589.png, 0
IMGS/img1590.png, 1
IMGS/img1591.png, 1
IMGS/img1592.png, 0
IMGS/img1593.png, 0
IMGS/img1594.png, 1
IMGS/img1595.png, 0
IMGS/img1596.png, 0
IMGS/img1597.png, 1
IMGS/img1598.png, 0
IMGS/img1599.png, 1
IMGS/img1600.png, 0
IMGS/img1601.png, 1
IMGS/img1602.png, 0
IMGS/img1603.png, 0
IMGS/img1604.png, 1
IMGS/img1605.png, 0
IMGS/img1606.png, 1
IMGS/img1607.png, 1
IMGS/img1608.png, 1
IMGS/img1609.png, 1
IMGS/img1610.png, 0
IMGS/img1611.png, 1
IMGS/img1612.png, 1
IMGS/img1613.png, 0
IMGS/img1614.png, 0
IMGS/img1615.png, 1
IMGS/img1616.png, 0
IMGS/img1617.png, 1
IMGS/img1618.png, 1
IMGS/img1619.png, 1
IMGS/img1620.png, 1
IMGS/img1621.png, 1
IMGS/img1622.png, 0
IMGS/img1623.png, 0
IMGS/img1624.png, 0
IMGS/img1625.png, 0
IMGS/img1626.png, 0
IMGS/img1627.png, 1
IMGS/img1628.png, 1
IMGS/img1629.png, 1
IMGS/img1630.png, 1
IMGS/img1631.png, 1
IMGS/img1632.png, 1
IMGS/img1633.png, 1
IMGS/img1634.png, 1
IMGS/img1635.png, 1
IMGS/img1636.png, 0
IMGS/img1637.png, 1
IMGS/img1638.png, 1
IMGS/img1639.png, 0
IMGS/img1640.png, 0
IMGS/img1641.png, 1
IMGS/img1642.png, 1
IMGS/img1643.png, 1
IMGS/img1644.png, 0
IMGS/img1645.png, 1
IMGS/img1646.png, 1
IMGS/img1647.png, 0
IMGS/img1648.png, 1
IMGS/img1649.png, 1
IMGS/img1650.png, 1
IMGS/img1651.png, 1
IMGS/img1652.png, 0
IMGS/img1653.png, 0
IMGS/img1654.png, 1
IMGS/img1655.png, 0
IMGS/img1656.png, 0
IMGS/img1657.png, 0
IMGS/img1658.png, 1
IMGS/img1659.png, 0
IMGS/img1660.png, 1
IMGS/img1661.png, 1
IMGS/img1662.png, 0
IMGS/img1663.png, 0
IMGS/img1664.png, 0
IMGS/img1665.png, 0
IMGS/img1666.png, 1
IMGS/img1667.png, 0
IMGS/img1668.png, 1
IMGS/img1669.png, 1
IMGS/img1670.png, 0
IMGS/img1671.png, 1
IMGS/img1672.png, 0
IMGS/img1673.png, 1
IMGS/img1674.png, 0
IMGS/img1675.png, 1
IMGS/img1676.png, 0
IMGS/img1677.png, 1
IMGS/img1678.png, 0
IMGS/img1679.png, 0
IMGS/img1680.png, 1
IMGS/img1681.png, 0
IMGS/img1682.png, 0
IMGS/img1683.png, 1
IMGS/img1684.png, 0
IMGS/img1685.png, 1
IMGS/img1686.png, 1
IMGS/img1687.png, 0
IMGS/img1688.png, 0
IMGS/img1689.png, 1
IMGS/img1690.png, 0
IMGS/img1691.png, 0
IMGS/img1692.png, 0
IMGS/img1693.png, 0
IMGS/img1694.png, 0
IMGS/img1695.png, 1
IMGS/img1696.png, 1
IMGS/img1697.png, 1
IMGS/img1698.png, 0
IMGS/img1699.png, 0
IMGS/img1700.png, 0
IMGS/img1701.png, 1
IMGS/img1702.png, 1
IMGS/img1703.png, 0
IMGS/img1704.png, 1
IMGS/img1705.png, 1
IMGS/img1706.png, 0
IMGS/img1707.png, 1
IMGS/img1708.png, 0
IMGS/img1709.png, 1
IMGS/img1710.png, 1
IMGS/img1711.png, 0
IMGS/img1712.png, 1
IMGS/img1713.png, 0
IMGS/img1714.png, 0
IMGS/img1715.png, 0
IMGS/img1716.png, 1
IMGS/img1717.png, 1
IMGS/img1718.png, 0
IMGS/img1719.png, 1
IMGS/img1720.png, 1
IMGS/img1721.png, 0
IMGS/img1722.png, 1
IMGS/img1723.png, 0
IMGS/img1724.png, 0
IMGS/img1725.png, 0
IMGS/img1726.png, 1
IMGS/img1727.png, 1
IMGS/img1728.png, 0
IMGS/img1729.png, 1
IMGS/img1730.png, 1
IMGS/img1731.png, 0
IMGS/img1732.png, 0
IMGS/img1733.png, 1
IMGS/img1734.png, 1
IMGS/img1735.png, 1
IMGS/img1736.png, 0
IMGS/img1737.png, 1
IMGS/img1738.png, 0
IMGS/img1739.png, 1
IMGS/img1740.png, 0
IMGS/img1741.png, 0
IMGS/img1742.png, 1
IMGS/img1743.png, 0
IMGS/img1744.png, 1
IMGS/img1745.png, 0
IMGS/img1746.png, 0
IMGS/img1747.png, 1
IMGS/img1748.png, 1
IMGS/img1749.png, 1
IMGS/img1750.png, 0
IMGS/img1751.png, 0
IMGS/img1752.png, 1
IMGS/img1753.png, 0
IMGS/img1754.png, 0
IMGS/img1755.png, 1
IMGS/img1756.png, 0
IMGS/img1757.png, 0
IMGS/img1758.png, 0
IMGS/img1759.png, 1
IMGS/img1760.png, 1
IMGS/img1761.png, 1
IMGS/img1762.png, 0
IMGS/img1763.png, 1
IMGS/img1764.png, 0
IMGS/img1765.png, 0
IMGS/img1766.png, 1
IMGS/img1767.png, 0
IMGS/img1768.png, 0
IMGS/img1769.png, 1
IMGS/img1770.png, 1
IMGS/img1771.png, 1
IMGS/img1772.png, 1
IMGS/img1773.png, 0
IMGS/img1774.png, 1
IMGS/img1775.png, 0
IMGS/img1776.png, 0
IMGS/img1777.png, 0
IMGS/img1778.png, 1
IMGS/img1779.png, 1
IMGS/img1780.png, 0
IMGS/img1781.png, 1
IMGS/img1782.png, 1
IMGS/img1783.png, 0
IMGS/img1784.png, 1
IMGS/img1785.png, 1
IMGS/img1786.png, 0
IMGS/img1787.png, 0
IMGS/img1788.png, 0
IMGS/img1789.png, 0
IMGS/img1790.png, 1
IMGS/img1791.png, 1
IMGS/img1792.png, 1
IMGS/img1793.png, 1
IMGS/img1794.png, 0
IMGS/img1795.png, 0
IMGS/img1796.png, 1
IMGS/img1797.png, 0
IMGS/img1798.png, 0
IMGS/img1799.png, 0
IMGS/img1800.png, 0
IMGS/img1801.png, 1
IMGS/img1802.png, 0
IMGS/img1803.png, 0
IMGS/img1804.png, 1
IMGS/img1805.png, 1
IMGS/img1806.png, 0
IMGS/img1807.png, 1
IMGS/img1808.png, 0
IMGS/img1809.png, 1
IMGS/img1810.png, 1
IMGS/img1811.png, 0
IMGS/img1812.png, 1
IMGS/img1813.png, 0
IMGS/img1814.png, 1
IMGS/img1815.png, 1
IMGS/img1816.png, 1
IMGS/img1817.png, 0
IMGS/img1818.png, 1
IMGS/img1819.png, 1
IMGS/img1820.png, 1
IMGS/img1821.png, 0
IMGS/img1822.png, 1
IMGS/img1823.png, 0
IMGS/img1824.png, 1
IMGS/img1825.png, 1
IMGS/img1826.png, 0
IMGS/img1827.png, 0
IMGS/img1828.png, 1
IMGS/img1829.png, 0
IMGS/img1830.png, 0
IMGS/img1831.png, 1
IMGS/img1832.png, 1
IMGS/img1833.png, 1
IMGS/img1834.png, 1
IMGS/img1835.png, 0
IMGS/img1836.png, 0
IMGS/img1837.png, 1
IMGS/img1838.png, 1
IMGS/img1839.png, 0
IMGS/img1840.png, 0
IMGS/img1841.png, 1
IMGS/img1842.png, 1
IMGS/img1843.png, 0
IMGS/img1844.png, 0
IMGS/img1845.png, 1
IMGS/img1846.png, 0
IMGS/img1847.png, 1
IMGS/img1848.png, 1
IMGS/img1849.png, 1
IMGS/img1850.png, 1
IMGS/img1851.png, 1
IMGS/img1852.png, 0
IMGS/img1853.png, 0
IMGS/img1854.png, 1
IMGS/img1855.png, 1
IMGS/img1856.png, 0
IMGS/img1857.png, 1
IMGS/img1858.png, 1
IMGS/img1859.png, 1
IMGS/img1860.png, 1
IMGS/img1861.png, 1
IMGS/img1862.png, 1
IMGS/img1863.png, 1
IMGS/img1864.png, 1
IMGS/img1865.png, 1
IMGS/img1866.png, 1
IMGS/img1867.png, 0
IMGS/img1868.png, 0
IMGS/img1869.png, 0
IMGS/img1870.png, 1
IMGS/img1871.png, 0
IMGS/img1872.png, 0
IMGS/img1873.png, 0
IMGS/img1874.png, 1
IMGS/img1875.png, 0
IMGS/img1876.png, 0
IMGS/img1877.png, 0
IMGS/img1878.png, 1
IMGS/img1879.png, 1
IMGS/img1880.png, 0
IMGS/img1881.png, 1
IMGS/img1882.png, 0
IMGS/img1883.png, 0
IMGS/img1884.png, 0
IMGS/img1885.png, 1
IMGS/img1886.png, 1
IMGS/img1887.png, 0
IMGS/img1888.png, 0
IMGS/img1889.png, 0
IMGS/img1890.png, 0
IMGS/img1891.png, 1
IMGS/img1892.png, 0
IMGS/img1893.png, 1
IMGS/img1894.png, 1
IMGS/img1895.png, 1
IMGS/img1896.png, 1
IMGS/img1897.png, 1
IMGS/img1898.png, 1
IMGS/img1899.png, 0
IMGS/img1900.png, 0
IMGS/img1901.png, 0
IMGS/img1902.png, 0
IMGS/img1903.png, 0
IMGS/img1904.png, 0
IMGS/img1905.png, 1
IMGS/img1906.png, 0
IMGS/img1907.png, 0
IMGS/img1908.png, 1
IMGS/img1909.png, 0
IMGS/img1910.png, 1
IMGS/img1911.png, 1
IMGS/img1912.png, 1
IMGS/img1913.png, 0
IMGS/img1914.png, 1
IMGS/img1915.png, 1
IMGS/img1916.png, 1
IMGS/img1917.png, 1
IMGS/img1918.png, 0
IMGS/img1919.png, 0
IMGS/img1920.png, 1
IMGS/img1921.png, 0
IMGS/img1922.png, 1
IMGS/img1923.png, 1
IMGS/img1924.png, 1
IMGS/img1925.png, 0
IMGS/img1926.png, 0
IMGS/img1927.png, 1
IMGS/img1928.png, 1
IMGS/img1929.png, 0
IMGS/img1930.png, 1
IMGS/img1931.png, 0
IMGS/img1932.png, 0
IMGS/img1933.png, 0
IMGS/img1934.png, 0
IMGS/img1935.png, 0
IMGS/img1936.png, 1
IMGS/img1937.png, 0
IMGS/img1938.png, 0
IMGS/img1939.png, 0
IMGS/img1940.png, 1
IMGS/img1941.png, 0
IMGS/img1942.png, 0
IMGS/img1943.png, 1
IMGS/img1944.png, 1
IMGS/img1945.png, 0
IMGS/img1946.png, 0
IMGS/img1947.png, 0
IMGS/img1948.png, 0
IMGS/img1949.png, 0
IMGS/img1950.png, 1
IMGS/img1951.png, 0
IMGS/img1952.png, 0
IMGS/img1953.png, 1
IMGS/img1954.png, 1
IMGS/img1955.png, 0
IMGS/img1956.png, 1
IMGS/img1957.png, 1
IMGS/img1958.png, 0
IMGS/img1959.png, 1
IMGS/img1960.png, 0
IMGS/img1961.png, 0
IMGS/img1962.png, 0
IMGS/img1963.png, 0
IMGS/img1964.png, 1
IMGS/img1965.png, 0
IMGS/img1966.png, 0
IMGS/img1967.png, 0
IMGS/img1968.png, 0
IMGS/img1969.png, 1
IMGS/img1970.png, 1
IMGS/img1971.png, 0
IMGS/img1972.png, 1
IMGS/img1973.png, 0
IMGS/img1974.png, 0
IMGS/img1975.png, 1
IMGS/img1976.png, 0
IMGS/img1977.png, 1
IMGS/img1978.png, 0
IMGS/img1979.png, 1
IMGS/img1980.png, 1
IMGS/img1981.png, 1
IMGS/img1982.png, 0
IMGS/img1983.png, 1
IMGS/img1984.png, 0
IMGS/img1985.png, 0
IMGS/img1986.png, 1
IMGS/img1987.png, 0
IMGS/img1988.png, 0
IMGS/img1989.png, 0
IMGS/img1990.png, 0
IMGS/img1991.png, 1
IMGS/img1992.png, 0
IMGS/img1993.png, 1
IMGS/img1994.png, 0
IMGS/img1995.png, 0
IMGS/img1996.png, 1
IMGS/img1997.png, 1
IMGS/img1998.png, 1
IMGS/img1999.png, 0
IMGS/img2000.png, 1
IMGS/img2001.png, 0
IMGS/img2002.png, 0
IMGS/img2003.png, 0
IMGS/img2004.png, 1
IMGS/img2005.png, 1
IMGS/img2006.png, 0
IMGS/img2007.png, 0
IMGS/img2008.png, 1
IMGS/img2009.png, 0
IMGS/img2010.png, 0
IMGS/img2011.png, 0
IMGS/img2012.png, 1
IMGS/img2013.png, 1
IMGS/img2014.png, 0
IMGS/img2015.png, 1
IMGS/img2016.png, 0
IMGS/img2017.png, 0
IMGS/img2018.png, 1
IMGS/img2019.png, 1
IMGS/img2020.png, 1
IMGS/img2021.png, 1
IMGS/img2022.png, 0
IMGS/img2023.png, 1
IMGS/img2024.png, 0
IMGS/img2025.png, 1
IMGS/img2026.png, 1
IMGS/img2027.png, 1
IMGS/img2028.png, 0
IMGS/img2029.png, 0
IMGS/img2030.png, 0
IMGS/img2031.png, 1
IMGS/img2032.png, 0
IMGS/img2033.png, 1
IMGS/img2034.png, 0
IMGS/img2035.png, 0
IMGS/img2036.png, 0
IMGS/img2037.png, 1
IMGS/img2038.png, 0
IMGS/img2039.png, 0
IMGS/img2040.png, 1
IMGS/img2041.png, 1
IMGS/img2042.png, 1
IMGS/img2043.png, 1
IMGS/img2044.png, 0
IMGS/img2045.png, 0
IMGS/img2046.png, 1
IMGS/img2047.png, 1
IMGS/img2048.png, 1
IMGS/img2049.png, 1
IMGS/img2050.png, 1
IMGS/img2051.png, 0
IMGS/img2052.png, 1
IMGS/img2053.png, 0
IMGS/img2054.png, 1
IMGS/img2055.png, 0
IMGS/img2056.png, 0
IMGS/img2057.png, 1
IMGS/img2058.png, 0
IMGS/img2059.png, 1
IMGS/img2060.png, 0
IMGS/img2061.png, 0
IMGS/img2062.png, 1
IMGS/img2063.png, 1
IMGS/img2064.png, 0
IMGS/img2065.png, 1
IMGS/img2066.png, 1
IMGS/img2067.png, 0
IMGS/img2068.png, 1
IMGS/img2069.png, 0
IMGS/img2070.png, 0
IMGS/img2071.png, 0
IMGS/img2072.png, 1
IMGS/img2073.png, 1
IMGS/img2074.png, 0
IMGS/img2075.png, 1
IMGS/img2076.png, 0
IMGS/img2077.png, 0
IMGS/img2078.png, 0
IMGS/img2079.png, 1
IMGS/img2080.png, 0
IMGS/img2081.png, 0
IMGS/img2082.png, 1
IMGS/img2083.png, 0
IMGS/img2084.png, 1
IMGS/img2085.png, 1
IMGS/img2086.png, 0
IMGS/img2087.png, 0
IMGS/img2088.png, 0
IMGS/img2089.png, 1
IMGS/img2090.png, 1
IMGS/img2091.png, 1
IMGS/img2092.png, 1
IMGS/img2093.png, 0
IMGS/img2094.png, 1
IMGS/img2095.png, 1
IMGS/img2096.png, 0
IMGS/img2097.png, 1
IMGS/img2098.png, 0
IMGS/img2099.png, 0
IMGS/img2100.png, 1
IMGS/img2101.png, 0
IMGS/img2102.png, 0
IMGS/img2103.png, 1
IMGS/img2104.png, 1
IMGS/img2105.png, 0
IMGS/img2106.png, 1
IMGS/img2107.png, 0
IMGS/img2108.png, 1
IMGS/img2109.png, 0
IMGS/img2110.png, 0
IMGS/img2111.png, 0
IMGS/img2112.png, 1
IMGS/img2113.png, 0
IMGS/img2114.png, 0
IMGS/img2115.png, 0
IMGS/img2116.png, 0
IMGS/img2117.png, 0
IMGS/img2118.png, 0
IMGS/img2119.png, 1
IMGS/img2120.png, 1
IMGS/img2121.png, 0
IMGS/img2122.png, 1
IMGS/img2123.png, 1
IMGS/img2124.png, 0
IMGS/img2125.png, 1
IMGS/img2126.png, 0
IMGS/img2127.png, 0
IMGS/img2128.png, 0
IMGS/img2129.png, 1
IMGS/img2130.png, 1
IMGS/img2131.png, 0
IMGS/img2132.png, 1
IMGS/img2133.png, 1
IMGS/img2134.png, 1
IMGS/img2135.png, 0
IMGS/img2136.png, 0
IMGS/img2137.png, 1
IMGS/img2138.png, 0
IMGS/img2139.png, 1
IMGS/img2140.png, 1
IMGS/img2141.png, 1
IMGS/img2142.png, 1
IMGS/img2143.png, 0
IMGS/img2144.png, 0
IMGS/img2145.png, 1
IMGS/img2146.png, 0
IMGS/img2147.png, 0
IMGS/img2148.png, 1
IMGS/img2149.png, 0
IMGS/img2150.png, 0
IMGS/img2151.png, 1
IMGS/img2152.png, 0
IMGS/img2153.png, 1
IMGS/img2154.png, 1
IMGS/img2155.png, 1
IMGS/img2156.png, 1
IMGS/img2157.png, 0
IMGS/img2158.png, 0
IMGS/img2159.png, 0
IMGS/img2160.png, 1
IMGS/img2161.png, 0
IMGS/img2162.png, 1
IMGS/img2163.png, 1
IMGS/img2164.png, 1
IMGS/img2165.png, 0
IMGS/img2166.png, 0
IMGS/img2167.png, 0
IMGS/img2168.png, 1
IMGS/img2169.png, 0
IMGS/img2170.png, 1
IMGS/img2171.png, 0
IMGS/img2172.png, 0
IMGS/img2173.png, 0
IMGS/img2174.png, 0
IMGS/img2175.png, 0
IMGS/img2176.png, 0
IMGS/img2177.png, 0
IMGS/img2178.png, 1
IMGS/img2179.png, 0
IMGS/img2180.png, 0
IMGS/img2181.png, 0
IMGS/img2182.png, 0
IMGS/img2183.png, 0
IMGS/img2184.png, 1
IMGS/img2185.png, 0
IMGS/img2186.png, 1
IMGS/img2187.png, 0
IMGS/img2188.png, 0
IMGS/img2189.png, 1
IMGS/img2190.png, 1
IMGS/img2191.png, 1
IMGS/img2192.png, 1
IMGS/img2193.png, 0
IMGS/img2194.png, 0
IMGS/img2195.png, 0
IMGS/img2196.png, 1
IMGS/img2197.png, 0
IMGS/img2198.png, 1
IMGS/img2199.png, 1
IMGS/img2200.png, 0
IMGS/img2201.png, 1
IMGS/img2202.png, 0
IMGS/img2203.png, 1
IMGS/img2204.png, 1
IMGS/img2205.png, 0
IMGS/img2206.png, 0
IMGS/img2207.png, 1
IMGS/img2208.png, 1
IMGS/img2209.png, 0
IMGS/img2210.png, 1
IMGS/img2211.png, 0
IMGS/img2212.png, 0
IMGS/img2213.png, 1
IMGS/img2214.png, 0
IMGS/img2215.png, 1
IMGS/img2216.png, 0
IMGS/img2217.png, 1
IMGS/img2218.png, 0
IMGS/img2219.png, 0
IMGS/img2220.png, 0
IMGS/img2221.png, 0
IMGS/img2222.png, 1
IMGS/img2223.png, 1
IMGS/img2224.png, 0
IMGS/img2225.png, 0
IMGS/img2226.png, 0
IMGS/img2227.png, 1
IMGS/img2228.png, 0
IMGS/img2229.png, 1
IMGS/img2230.png, 0
IMGS/img2231.png, 0
IMGS/img2232.png, 0
IMGS/img2233.png, 0
IMGS/img2234.png, 1
IMGS/img2235.png, 1
IMGS/img2236.png, 1
IMGS/img2237.png, 1
IMGS/img2238.png, 0
IMGS/img2239.png, 1
IMGS/img2240.png, 1
IMGS/img2241.png, 0
IMGS/img2242.png, 0
IMGS/img2243.png, 0
IMGS/img2244.png, 1
IMGS/img2245.png, 0
IMGS/img2246.png, 1
IMGS/img2247.png, 0
IMGS/img2248.png, 1
IMGS/img2249.png, 1
IMGS/img2250.png, 0
IMGS/img2251.png, 1
IMGS/img2252.png, 0
IMGS/img2253.png, 0
IMGS/img2254.png, 0
IMGS/img2255.png, 1
IMGS/img2256.png, 0
IMGS/img2257.png, 0
IMGS/img2258.png, 1
IMGS/img2259.png, 0
IMGS/img2260.png, 0
IMGS/img2261.png, 0
IMGS/img2262.png, 1
IMGS/img2263.png, 0
IMGS/img2264.png, 0
IMGS/img2265.png, 0
IMGS/img2266.png, 0
IMGS/img2267.png, 1
IMGS/img2268.png, 0
IMGS/img2269.png, 1
IMGS/img2270.png, 1
IMGS/img2271.png, 1
IMGS/img2272.png, 1
IMGS/img2273.png, 1
IMGS/img2274.png, 0
IMGS/img2275.png, 0
IMGS/img2276.png, 0
IMGS/img2277.png, 0
IMGS/img2278.png, 0
IMGS/img2279.png, 0
IMGS/img2280.png, 1
IMGS/img2281.png, 0
IMGS/img2282.png, 0
IMGS/img2283.png, 0
IMGS/img2284.png, 0
IMGS/img2285.png, 1
IMGS/img2286.png, 0
IMGS/img2287.png, 0
IMGS/img2288.png, 0
IMGS/img2289.png, 1
IMGS/img2290.png, 1
IMGS/img2291.png, 1
IMGS/img2292.png, 0
IMGS/img2293.png, 1
IMGS/img2294.png, 0
IMGS/img2295.png, 1
IMGS/img2296.png, 0
IMGS/img2297.png, 0
IMGS/img2298.png, 0
IMGS/img2299.png, 0
IMGS/img2300.png, 0
IMGS/img2301.png, 1
IMGS/img2302.png, 1
IMGS/img2303.png, 0
IMGS/img2304.png, 1
IMGS/img2305.png, 0
IMGS/img2306.png, 0
IMGS/img2307.png, 0
IMGS/img2308.png, 1
IMGS/img2309.png, 0
IMGS/img2310.png, 0
IMGS/img2311.png, 1
IMGS/img2312.png, 1
IMGS/img2313.png, 0
IMGS/img2314.png, 0
IMGS/img2315.png, 0
IMGS/img2316.png, 0
IMGS/img2317.png, 0
IMGS/img2318.png, 1
IMGS/img2319.png, 1
IMGS/img2320.png, 0
IMGS/img2321.png, 0
IMGS/img2322.png, 0
IMGS/img2323.png, 1
IMGS/img2324.png, 0
IMGS/img2325.png, 1
IMGS/img2326.png, 1
IMGS/img2327.png, 1
IMGS/img2328.png, 1
IMGS/img2329.png, 1
IMGS/img2330.png, 0
IMGS/img2331.png, 0
IMGS/img2332.png, 0
IMGS/img2333.png, 1
IMGS/img2334.png, 0
IMGS/img2335.png, 0
IMGS/img2336.png, 0
IMGS/img2337.png, 1
IMGS/img2338.png, 0
IMGS/img2339.png, 1
IMGS/img2340.png, 0
IMGS/img2341.png, 1
IMGS/img2342.png, 1
IMGS/img2343.png, 0
IMGS/img2344.png, 1
IMGS/img2345.png, 1
IMGS/img2346.png, 1
IMGS/img2347.png, 1
IMGS/img2348.png, 0
IMGS/img2349.png, 0
IMGS/img2350.png, 0
IMGS/img2351.png, 0
IMGS/img2352.png, 0
IMGS/img2353.png, 0
IMGS/img2354.png, 0
IMGS/img2355.png, 0
IMGS/img2356.png, 1
IMGS/img2357.png, 1
IMGS/img2358.png, 1
IMGS/img2359.png, 0
IMGS/img2360.png, 1
IMGS/img2361.png, 1
IMGS/img2362.png, 1
IMGS/img2363.png, 0
IMGS/img2364.png, 1
IMGS/img2365.png, 0
IMGS/img2366.png, 0
IMGS/img2367.png, 0
IMGS/img2368.png, 1
IMGS/img2369.png, 0
IMGS/img2370.png, 0
IMGS/img2371.png, 1
IMGS/img2372.png, 1
IMGS/img2373.png, 0
IMGS/img2374.png, 1
IMGS/img2375.png, 1
IMGS/img2376.png, 1
IMGS/img2377.png, 1
IMGS/img2378.png, 1
IMGS/img2379.png, 0
IMGS/img2380.png, 0
IMGS/img2381.png, 1
IMGS/img2382.png, 1
IMGS/img2383.png, 0
IMGS/img2384.png, 1
IMGS/img2385.png, 1
IMGS/img2386.png, 0
IMGS/img2387.png, 1
IMGS/img2388.png, 0
IMGS/img2389.png, 1
IMGS/img2390.png, 0
IMGS/img2391.png, 0
IMGS/img2392.png, 0
IMGS/img2393.png, 0
IMGS/img2394.png, 0
IMGS/img2395.png, 0
IMGS/img2396.png, 1
IMGS/img2397.png, 1
IMGS/img2398.png, 0
IMGS/img2399.png, 1
IMGS/img2400.png, 0
IMGS/img2401.png, 1
IMGS/img2402.png, 0
IMGS/img2403.png, 1
IMGS/img2404.png, 1
IMGS/img2405.png, 0
IMGS/img2406.png, 0
IMGS/img2407.png, 1
IMGS/img2408.png, 0
IMGS/img2409.png, 1
IMGS/img2410.png, 0
IMGS/img2411.png, 1
IMGS/img2412.png, 0
IMGS/img2413.png, 1
IMGS/img2414.png, 0
IMGS/img2415.png, 0
IMGS/img2416.png, 1
IMGS/img2417.png, 0
IMGS/img2418.png, 1
IMGS/img2419.png, 1
IMGS/img2420.png, 1
IMGS/img2421.png, 1
IMGS/img2422.png, 1
IMGS/img2423.png, 1
IMGS/img2424.png, 0
IMGS/img2425.png, 1
IMGS/img2426.png, 0
IMGS/img2427.png, 0
IMGS/img2428.png, 0
IMGS/img2429.png, 1
IMGS/img2430.png, 1
IMGS/img2431.png, 0
IMGS/img2432.png, 1
IMGS/img2433.png, 1
IMGS/img2434.png, 1
IMGS/img2435.png, 1
IMGS/img2436.png, 0
IMGS/img2437.png, 0
IMGS/img2438.png, 0
IMGS/img2439.png, 1
IMGS/img2440.png, 0
IMGS/img2441.png, 1
IMGS/img2442.png, 0
IMGS/img2443.png, 0
IMGS/img2444.png, 1
IMGS/img2445.png, 0
IMGS/img2446.png, 0
IMGS/img2447.png, 0
IMGS/img2448.png, 0
IMGS/img2449.png, 0
IMGS/img2450.png, 1
IMGS/img2451.png, 0
IMGS/img2452.png, 0
IMGS/img2453.png, 1
IMGS/img2454.png, 0
IMGS/img2455.png, 1
IMGS/img2456.png, 1
IMGS/img2457.png, 0
IMGS/img2458.png, 0
IMGS/img2459.png, 1
IMGS/img2460.png, 1
IMGS/img2461.png, 1
IMGS/img2462.png, 0
IMGS/img2463.png, 1
IMGS/img2464.png, 1
IMGS/img2465.png, 0
IMGS/img2466.png, 1
IMGS/img2467.png, 1
IMGS/img2468.png, 0
IMGS/img2469.png, 0
IMGS/img2470.png, 0
IMGS/img2471.png, 1
IMGS/img2472.png, 1
IMGS/img2473.png, 0
IMGS/img2474.png, 1
IMGS/img2475.png, 0
IMGS/img2476.png, 1
IMGS/img2477.png, 0
IMGS/img2478.png, 1
IMGS/img2479.png, 0
IMGS/img2480.png, 0
IMGS/img2481.png, 0
IMGS/img2482.png, 1
IMGS/img2483.png, 1
IMGS/img2484.png, 1
IMGS/img2485.png, 0
IMGS/img2486.png, 1
IMGS/img2487.png, 1
IMGS/img2488.png, 1
IMGS/img2489.png, 0
IMGS/img2490.png, 1
IMGS/img2491.png, 0
IMGS/img2492.png, 1
IMGS/img2493.png, 1
IMGS/img2494.png, 0
IMGS/img2495.png, 0
IMGS/img2496.png, 1
IMGS/img2497.png, 1
IMGS/img2498.png, 0
IMGS/img2499.png, 0
IMGS/img2500.png, 1
IMGS/img2501.png, 1
IMGS/img2502.png, 1
IMGS/img2503.png, 1
IMGS/img2504.png, 1
IMGS/img2505.png, 0
IMGS/img2506.png, 0
IMGS/img2507.png, 1
IMGS/img2508.png, 0
IMGS/img2509.png, 0
IMGS/img2510.png, 1
IMGS/img2511.png, 0
IMGS/img2512.png, 0
IMGS/img2513.png, 1
IMGS/img2514.png, 0
IMGS/img2515.png, 0
IMGS/img2516.png, 1
IMGS/img2517.png, 1
IMGS/img2518.png, 1
IMGS/img2519.png, 0
IMGS/img2520.png, 1
IMGS/img2521.png, 0
IMGS/img2522.png, 1
IMGS/img2523.png, 1
IMGS/img2524.png, 1
IMGS/img2525.png, 0
IMGS/img2526.png, 0
IMGS/img2527.png, 1
IMGS/img2528.png, 1
IMGS/img2529.png, 1
IMGS/img2530.png, 0
IMGS/img2531.png, 1
IMGS/img2532.png, 0
IMGS/img2533.png, 1
IMGS/img2534.png, 0
IMGS/img2535.png, 0
IMGS/img2536.png, 1
IMGS/img2537.png, 1
IMGS/img2538.png, 1
IMGS/img2539.png, 0
IMGS/img2540.png, 0
IMGS/img2541.png, 1
IMGS/img2542.png, 0
IMGS/img2543.png, 1
IMGS/img2544.png, 1
IMGS/img2545.png, 0
IMGS/img2546.png, 0
IMGS/img2547.png, 1
IMGS/img2548.png, 0
IMGS/img2549.png, 0
IMGS/img2550.png, 0
IMGS/img2551.png, 0
IMGS/img2552.png, 0
IMGS/img2553.png, 0
IMGS/img2554.png, 1
IMGS/img2555.png, 1
IMGS/img2556.png, 1
IMGS/img2557.png, 0
IMGS/img2558.png, 1
IMGS/img2559.png, 1
IMGS/img2560.png, 0
IMGS/img2561.png, 0
IMGS/img2562.png, 0
IMGS/img2563.png, 0
IMGS/img2564.png, 1
IMGS/img2565.png, 0
IMGS/img2566.png, 1
IMGS/img2567.png, 0
IMGS/img2568.png, 0
IMGS/img2569.png, 1
IMGS/img2570.png, 0
IMGS/img2571.png, 0
IMGS/img2572.png, 1
IMGS/img2573.png, 0
IMGS/img2574.png, 0
IMGS/img2575.png, 0
IMGS/img2576.png, 0
IMGS/img2577.png, 0
IMGS/img2578.png, 1
IMGS/img2579.png, 0
IMGS/img2580.png, 1
IMGS/img2581.png, 0
IMGS/img2582.png, 0
IMGS/img2583.png, 0
IMGS/img2584.png, 0
IMGS/img2585.png, 0
IMGS/img2586.png, 0
IMGS/img2587.png, 1
IMGS/img2588.png, 1
IMGS/img2589.png, 0
IMGS/img2590.png, 1
IMGS/img2591.png, 0
IMGS/img2592.png, 0
IMGS/img2593.png, 1
IMGS/img2594.png, 0
IMGS/img2595.png, 0
IMGS/img2596.png, 0
IMGS/img2597.png, 1
IMGS/img2598.png, 0
IMGS/img2599.png, 0
IMGS/img2600.png, 1
IMGS/img2601.png, 0
IMGS/img2602.png, 0
IMGS/img2603.png, 0
IMGS/img2604.png, 1
IMGS/img2605.png, 1
IMGS/img2606.png, 0
IMGS/img2607.png, 0
IMGS/img2608.png, 1
IMGS/img2609.png, 0
IMGS/img2610.png, 0
IMGS/img2611.png, 1
IMGS/img2612.png, 0
IMGS/img2613.png, 1
IMGS/img2614.png, 1
IMGS/img2615.png, 0
IMGS/img2616.png, 1
IMGS/img2617.png, 0
IMGS/img2618.png, 0
IMGS/img2619.png, 1
IMGS/img2620.png, 0
IMGS/img2621.png, 1
IMGS/img2622.png, 1
IMGS/img2623.png, 0
IMGS/img2624.png, 0
IMGS/img2625.png, 1
IMGS/img2626.png, 1
IMGS/img2627.png, 0
IMGS/img2628.png, 0
IMGS/img2629.png, 1
IMGS/img2630.png, 0
IMGS/img2631.png, 0
IMGS/img2632.png, 1
IMGS/img2633.png, 1
IMGS/img2634.png, 1
IMGS/img2635.png, 0
IMGS/img2636.png, 0
IMGS/img2637.png, 0
IMGS/img2638.png, 1
IMGS/img2639.png, 0
IMGS/img2640.png, 0
IMGS/img2641.png, 1
IMGS/img2642.png, 0
IMGS/img2643.png, 0
IMGS/img2644.png, 0
IMGS/img2645.png, 1
IMGS/img2646.png, 0
IMGS/img2647.png, 1
IMGS/img2648.png, 1
IMGS/img2649.png, 1
IMGS/img2650.png, 1
IMGS/img2651.png, 1
IMGS/img2652.png, 0
IMGS/img2653.png, 0
IMGS/img2654.png, 1
IMGS/img2655.png, 1
IMGS/img2656.png, 1
IMGS/img2657.png, 1
IMGS/img2658.png, 0
IMGS/img2659.png, 0
IMGS/img2660.png, 0
IMGS/img2661.png, 0
IMGS/img2662.png, 1
IMGS/img2663.png, 1
IMGS/img2664.png, 0
IMGS/img2665.png, 0
IMGS/img2666.png, 0
IMGS/img2667.png, 1
IMGS/img2668.png, 1
IMGS/img2669.png, 1
IMGS/img2670.png, 1
IMGS/img2671.png, 0
IMGS/img2672.png, 1
IMGS/img2673.png, 1
IMGS/img2674.png, 0
IMGS/img2675.png, 0
IMGS/img2676.png, 0
IMGS/img2677.png, 0
IMGS/img2678.png, 1
IMGS/img2679.png, 0
IMGS/img2680.png, 0
IMGS/img2681.png, 0
IMGS/img2682.png, 1
IMGS/img2683.png, 0
IMGS/img2684.png, 1
IMGS/img2685.png, 1
IMGS/img2686.png, 1
IMGS/img2687.png, 0
IMGS/img2688.png, 1
IMGS/img2689.png, 1
IMGS/img2690.png, 0
IMGS/img2691.png, 0
IMGS/img2692.png, 1
IMGS/img2693.png, 0
IMGS/img2694.png, 0
IMGS/img2695.png, 1
IMGS/img2696.png, 1
IMGS/img2697.png, 0
IMGS/img2698.png, 1
IMGS/img2699.png, 0
IMGS/img2700.png, 1
IMGS/img2701.png, 1
IMGS/img2702.png, 0
IMGS/img2703.png, 1
IMGS/img2704.png, 1
IMGS/img2705.png, 0
IMGS/img2706.png, 0
IMGS/img2707.png, 0
IMGS/img2708.png, 0
IMGS/img2709.png, 0
IMGS/img2710.png, 0
IMGS/img2711.png, 0
IMGS/img2712.png, 1
IMGS/img2713.png, 0
IMGS/img2714.png, 0
IMGS/img2715.png, 1
IMGS/img2716.png, 0
IMGS/img2717.png, 1
IMGS/img2718.png, 1
IMGS/img2719.png, 1
IMGS/img2720.png, 0
IMGS/img2721.png, 1
IMGS/img2722.png, 1
IMGS/img2723.png, 1
IMGS/img2724.png, 1
IMGS/img2725.png, 1
IMGS/img2726.png, 1
IMGS/img2727.png, 1
IMGS/img2728.png, 1
IMGS/img2729.png, 1
IMGS/img2730.png, 0
IMGS/img2731.png, 0
IMGS/img2732.png, 0
IMGS/img2733.png, 0
IMGS/img2734.png, 0
IMGS/img2735.png, 0
IMGS/img2736.png, 1
IMGS/img2737.png, 1
IMGS/img2738.png, 1
IMGS/img2739.png, 0
IMGS/img2740.png, 1
IMGS/img2741.png, 0
IMGS/img2742.png, 0
IMGS/img2743.png, 0
IMGS/img2744.png, 1
IMGS/img2745.png, 1
IMGS/img2746.png, 0
IMGS/img2747.png, 1
IMGS/img2748.png, 1
IMGS/img2749.png, 1
IMGS/img2750.png, 1
IMGS/img2751.png, 0
IMGS/img2752.png, 1
IMGS/img2753.png, 1
IMGS/img2754.png, 0
IMGS/img2755.png, 1
IMGS/img2756.png, 1
IMGS/img2757.png, 0
IMGS/img2758.png, 1
IMGS/img2759.png, 0
IMGS/img2760.png, 0
IMGS/img2761.png, 0
IMGS/img2762.png, 1
IMGS/img2763.png, 0
IMGS/img2764.png, 0
IMGS/img2765.png, 1
IMGS/img2766.png, 1
IMGS/img2767.png, 1
IMGS/img2768.png, 1
IMGS/img2769.png, 0
IMGS/img2770.png, 0
IMGS/img2771.png, 1
IMGS/img2772.png, 0
IMGS/img2773.png, 1
IMGS/img2774.png, 0
IMGS/img2775.png, 1
IMGS/img2776.png, 0
IMGS/img2777.png, 0
IMGS/img2778.png, 0
IMGS/img2779.png, 0
IMGS/img2780.png, 0
IMGS/img2781.png, 0
IMGS/img2782.png, 1
IMGS/img2783.png, 1
IMGS/img2784.png, 1
IMGS/img2785.png, 0
IMGS/img2786.png, 0
IMGS/img2787.png, 0
IMGS/img2788.png, 0
IMGS/img2789.png, 0
IMGS/img2790.png, 0
IMGS/img2791.png, 1
IMGS/img2792.png, 1
IMGS/img2793.png, 0
IMGS/img2794.png, 0
IMGS/img2795.png, 1
IMGS/img2796.png, 1
IMGS/img2797.png, 1
IMGS/img2798.png, 1
IMGS/img2799.png, 1
IMGS/img2800.png, 1
IMGS/img2801.png, 0
IMGS/img2802.png, 1
IMGS/img2803.png, 0
IMGS/img2804.png, 1
IMGS/img2805.png, 0
IMGS/img2806.png, 0
IMGS/img2807.png, 0
IMGS/img2808.png, 1
IMGS/img2809.png, 1
IMGS/img2810.png, 1
IMGS/img2811.png, 1
IMGS/img2812.png, 1
IMGS/img2813.png, 1
IMGS/img2814.png, 1
IMGS/img2815.png, 0
IMGS/img2816.png, 0
IMGS/img2817.png, 0
IMGS/img2818.png, 1
IMGS/img2819.png, 1
IMGS/img2820.png, 1
IMGS/img2821.png, 0
IMGS/img2822.png, 1
IMGS/img2823.png, 0
IMGS/img2824.png, 1
IMGS/img2825.png, 0
IMGS/img2826.png, 1
IMGS/img2827.png, 1
IMGS/img2828.png, 0
IMGS/img2829.png, 0
IMGS/img2830.png, 0
IMGS/img2831.png, 1
IMGS/img2832.png, 0
IMGS/img2833.png, 0
IMGS/img2834.png, 1
IMGS/img2835.png, 1
IMGS/img2836.png, 0
IMGS/img2837.png, 0
IMGS/img2838.png, 1
IMGS/img2839.png, 0
IMGS/img2840.png, 1
IMGS/img2841.png, 0
IMGS/img2842.png, 0
IMGS/img2843.png, 0
IMGS/img2844.png, 1
IMGS/img2845.png, 0
IMGS/img2846.png, 0
IMGS/img2847.png, 1
IMGS/img2848.png, 1
IMGS/img2849.png, 1
IMGS/img2850.png, 0
IMGS/img2851.png, 0
IMGS/img2852.png, 1
IMGS/img2853.png, 1
IMGS/img2854.png, 1
IMGS/img2855.png, 0
IMGS/img2856.png, 1
IMGS/img2857.png, 1
IMGS/img2858.png, 1
IMGS/img2859.png, 1
IMGS/img2860.png, 1
IMGS/img2861.png, 1
IMGS/img2862.png, 0
IMGS/img2863.png, 0
IMGS/img2864.png, 0
IMGS/img2865.png, 0
IMGS/img2866.png, 0
IMGS/img2867.png, 1
IMGS/img2868.png, 0
IMGS/img2869.png, 0
IMGS/img2870.png, 1
IMGS/img2871.png, 0
IMGS/img2872.png, 1
IMGS/img2873.png, 0
IMGS/img2874.png, 0
IMGS/img2875.png, 1
IMGS/img2876.png, 0
IMGS/img2877.png, 1
IMGS/img2878.png, 0
IMGS/img2879.png, 0
IMGS/img2880.png, 1
IMGS/img2881.png, 0
IMGS/img2882.png, 0
IMGS/img2883.png, 0
IMGS/img2884.png, 1
IMGS/img2885.png, 0
IMGS/img2886.png, 0
IMGS/img2887.png, 1
IMGS/img2888.png, 1
IMGS/img2889.png, 0
IMGS/img2890.png, 0
IMGS/img2891.png, 0
IMGS/img2892.png, 0
IMGS/img2893.png, 1
IMGS/img2894.png, 0
IMGS/img2895.png, 1
IMGS/img2896.png, 1
IMGS/img2897.png, 1
IMGS/img2898.png, 0
IMGS/img2899.png, 1
IMGS/img2900.png, 0
IMGS/img2901.png, 1
IMGS/img2902.png, 1
IMGS/img2903.png, 1
IMGS/img2904.png, 1
IMGS/img2905.png, 1
IMGS/img2906.png, 0
IMGS/img2907.png, 1
IMGS/img2908.png, 0
IMGS/img2909.png, 0
IMGS/img2910.png, 1
IMGS/img2911.png, 1
IMGS/img2912.png, 0
IMGS/img2913.png, 0
IMGS/img2914.png, 1
IMGS/img2915.png, 0
IMGS/img2916.png, 0
IMGS/img2917.png, 1
IMGS/img2918.png, 0
IMGS/img2919.png, 0
IMGS/img2920.png, 1
IMGS/img2921.png, 0
IMGS/img2922.png, 0
IMGS/img2923.png, 1
IMGS/img2924.png, 0
IMGS/img2925.png, 0
IMGS/img2926.png, 0
IMGS/img2927.png, 1
IMGS/img2928.png, 1
IMGS/img2929.png, 1
IMGS/img2930.png, 0
IMGS/img2931.png, 1
IMGS/img2932.png, 0
IMGS/img2933.png, 0
IMGS/img2934.png, 1
IMGS/img2935.png, 1
IMGS/img2936.png, 0
IMGS/img2937.png, 1
IMGS/img2938.png, 0
IMGS/img2939.png, 0
IMGS/img2940.png, 1
IMGS/img2941.png, 0
IMGS/img2942.png, 1
IMGS/img2943.png, 0
IMGS/img2944.png, 1
IMGS/img2945.png, 0
IMGS/img2946.png, 1
IMGS/img2947.png, 0
IMGS/img2948.png, 0
IMGS/img2949.png, 1
IMGS/img2950.png, 0
IMGS/img2951.png, 0
IMGS/img2952.png, 0
IMGS/img2953.png, 1
IMGS/img2954.png, 1
IMGS/img2955.png, 1
IMGS/img2956.png, 0
IMGS/img2957.png, 1
IMGS/img2958.png, 0
IMGS/img2959.png, 0
IMGS/img2960.png, 1
IMGS/img2961.png, 1
IMGS/img2962.png, 1
IMGS/img2963.png, 0
IMGS/img2964.png, 0
IMGS/img2965.png, 0
IMGS/img2966.png, 0
IMGS/img2967.png, 1
IMGS/img2968.png, 0
IMGS/img2969.png, 0
IMGS/img2970.png, 0
IMGS/img2971.png, 1
IMGS/img2972.png, 1
IMGS/img2973.png, 0
IMGS/img2974.png, 1
IMGS/img2975.png, 0
IMGS/img2976.png, 1
IMGS/img2977.png, 1
IMGS/img2978.png, 0
IMGS/img2979.png, 0
IMGS/img2980.png, 0
IMGS/img2981.png, 0
IMGS/img2982.png, 1
IMGS/img2983.png, 0
IMGS/img2984.png, 0
IMGS/img2985.png, 0
IMGS/img2986.png, 0
IMGS/img2987.png, 0
IMGS/img2988.png, 1
IMGS/img2989.png, 1
IMGS/img2990.png, 1
IMGS/img2991.png, 1
IMGS/img2992.png, 0
IMGS/img2993.png, 0
IMGS/img2994.png, 1
IMGS/img2995.png, 1
IMGS/img2996.png, 1
IMGS/img2997.png, 0
IMGS/img2998.png, 1
IMGS/img2999.png, 1
